{
    "seq_len": 15,
    "step": [
        0,
        25,
        50,
        75,
        100,
        125,
        150,
        175,
        200,
        225,
        250,
        275,
        300,
        325,
        350,
        375,
        400,
        425,
        450,
        475,
        500,
        525,
        550,
        575,
        600,
        625,
        650,
        675,
        700,
        725,
        750,
        775,
        800,
        825,
        850,
        875,
        900,
        925,
        950,
        975,
        1000,
        1025,
        1050,
        1075,
        1100,
        1125,
        1150,
        1175,
        1200,
        1225,
        1250,
        1275,
        1300,
        1325,
        1350,
        1375,
        1400,
        1425,
        1450,
        1475,
        1500
    ],
    "accuracy": [
        0.09375,
        0.234375,
        0.3671875,
        0.4453125,
        0.765625,
        0.8046875,
        0.71875,
        0.7890625,
        0.359375,
        0.8671875,
        0.8984375,
        0.9375,
        0.8671875,
        1.0,
        1.0,
        1.0,
        0.4921875,
        1.0,
        1.0,
        0.9765625,
        1.0,
        1.0,
        1.0,
        1.0,
        1.0,
        0.796875,
        0.8671875,
        0.984375,
        1.0,
        1.0,
        0.984375,
        1.0,
        1.0,
        1.0,
        0.984375,
        1.0,
        1.0,
        1.0,
        1.0,
        1.0,
        1.0,
        1.0,
        1.0,
        1.0,
        1.0,
        1.0,
        1.0,
        1.0,
        1.0,
        1.0,
        1.0,
        1.0,
        1.0,
        1.0,
        1.0,
        1.0,
        1.0,
        1.0,
        1.0,
        1.0,
        1.0
    ],
    "loss": [
        2.3348865509033203,
        2.1856186389923096,
        1.5085117816925049,
        1.2952402830123901,
        0.967296302318573,
        0.7737901210784912,
        0.7351801991462708,
        0.6125116944313049,
        1.3407807350158691,
        0.4557943046092987,
        0.3464813828468323,
        0.31132039427757263,
        0.3452753722667694,
        0.1980993002653122,
        0.16258986294269562,
        0.1535581797361374,
        1.358705759048462,
        0.09607420861721039,
        0.07071125507354736,
        0.15372763574123383,
        0.07134248316287994,
        0.05744093656539917,
        0.04348975047469139,
        0.034379296004772186,
        0.03080161288380623,
        0.6206967830657959,
        0.5745644569396973,
        0.19453111290931702,
        0.14188310503959656,
        0.09103421866893768,
        0.11865724623203278,
        0.058264341205358505,
        0.04974247142672539,
        0.04014300927519798,
        0.1416885107755661,
        0.04753320664167404,
        0.03808366507291794,
        0.029916267842054367,
        0.017697570845484734,
        0.08349239826202393,
        0.038606204092502594,
        0.021548239514231682,
        0.018500732257962227,
        0.018124861642718315,
        0.014612585306167603,
        0.013355066999793053,
        0.009380280040204525,
        0.007785664405673742,
        0.009890753775835037,
        0.007473203353583813,
        0.005806795321404934,
        0.0044436086900532246,
        0.004833084065467119,
        0.00329923490062356,
        0.003275691531598568,
        0.002452292712405324,
        0.0025870753452181816,
        0.0023865809198468924,
        0.0017763659125193954,
        0.0018263665260747075,
        0.0012274314649403095
    ]
}