{
    "seq_len": 20,
    "step": [
        0,
        25,
        50,
        75,
        100,
        125,
        150,
        175,
        200,
        225,
        250,
        275,
        300,
        325,
        350,
        375,
        400,
        425,
        450,
        475,
        500,
        525,
        550,
        575,
        600,
        625,
        650,
        675,
        700,
        725,
        750,
        775,
        800,
        825,
        850,
        875,
        900,
        925,
        950,
        975,
        1000,
        1025,
        1050,
        1075,
        1100,
        1125,
        1150,
        1175,
        1200,
        1225,
        1250,
        1275,
        1300,
        1325,
        1350,
        1375,
        1400,
        1425,
        1450,
        1475,
        1500
    ],
    "accuracy": [
        0.1171875,
        0.171875,
        0.2421875,
        0.3828125,
        0.609375,
        0.625,
        0.6484375,
        0.78125,
        0.4765625,
        0.7265625,
        0.6171875,
        0.7578125,
        0.875,
        0.9296875,
        0.8984375,
        0.9453125,
        0.859375,
        0.7578125,
        0.9140625,
        0.8828125,
        0.9765625,
        0.9921875,
        0.9921875,
        0.9609375,
        1.0,
        0.9921875,
        0.9921875,
        1.0,
        0.9453125,
        1.0,
        0.96875,
        0.9765625,
        1.0,
        1.0,
        1.0,
        1.0,
        1.0,
        1.0,
        1.0,
        1.0,
        0.9140625,
        1.0,
        1.0,
        1.0,
        1.0,
        1.0,
        1.0,
        1.0,
        1.0,
        1.0,
        1.0,
        1.0,
        1.0,
        0.8359375,
        1.0,
        1.0,
        1.0,
        1.0,
        1.0,
        1.0,
        1.0
    ],
    "loss": [
        2.3213982582092285,
        2.2367146015167236,
        2.0233519077301025,
        1.5880662202835083,
        1.2781023979187012,
        1.0908987522125244,
        0.9318768382072449,
        0.7539011836051941,
        1.1445648670196533,
        0.6808695793151855,
        0.7369952201843262,
        0.522160530090332,
        0.41651278734207153,
        0.3294128477573395,
        0.2960127592086792,
        0.2676074206829071,
        0.33089250326156616,
        0.45895808935165405,
        0.2780069410800934,
        0.3850935399532318,
        0.16421589255332947,
        0.17501966655254364,
        0.14035196602344513,
        0.1524181067943573,
        0.11194559186697006,
        0.09973269701004028,
        0.10831104218959808,
        0.08526382595300674,
        0.13501982390880585,
        0.05433811992406845,
        0.09480848163366318,
        0.12085208296775818,
        0.05946438014507294,
        0.04834119603037834,
        0.051861073821783066,
        0.04428860545158386,
        0.031132955104112625,
        0.024568039923906326,
        0.022811489179730415,
        0.021113306283950806,
        0.2718612551689148,
        0.048198699951171875,
        0.025328025221824646,
        0.022023843601346016,
        0.015006957575678825,
        0.015742044895887375,
        0.01384967751801014,
        0.009724675677716732,
        0.01085980236530304,
        0.009623559191823006,
        0.007597292307764292,
        0.006958846468478441,
        0.005681732669472694,
        0.4161587655544281,
        0.11569081991910934,
        0.04287642985582352,
        0.024389071390032768,
        0.01625789888203144,
        0.014002310112118721,
        0.012238833121955395,
        0.011071871966123581
    ]
}