{
    "seq_len": 5,
    "step": [
        0,
        25,
        50,
        75,
        100,
        125,
        150,
        175,
        200,
        225,
        250,
        275,
        300,
        325,
        350,
        375,
        400,
        425,
        450,
        475,
        500,
        525,
        550,
        575,
        600,
        625,
        650,
        675,
        700,
        725,
        750,
        775,
        800,
        825,
        850,
        875,
        900,
        925,
        950,
        975,
        1000,
        1025,
        1050,
        1075,
        1100,
        1125,
        1150,
        1175,
        1200,
        1225,
        1250,
        1275,
        1300,
        1325,
        1350,
        1375,
        1400,
        1425,
        1450,
        1475,
        1500
    ],
    "accuracy": [
        0.125,
        0.359375,
        0.59375,
        0.625,
        0.8828125,
        0.890625,
        0.9453125,
        0.96875,
        0.9765625,
        0.96875,
        1.0,
        1.0,
        0.96875,
        0.9921875,
        1.0,
        1.0,
        1.0,
        1.0,
        1.0,
        1.0,
        1.0,
        1.0,
        1.0,
        1.0,
        1.0,
        1.0,
        1.0,
        1.0,
        1.0,
        1.0,
        1.0,
        1.0,
        1.0,
        1.0,
        1.0,
        1.0,
        1.0,
        1.0,
        1.0,
        1.0,
        1.0,
        1.0,
        1.0,
        1.0,
        1.0,
        1.0,
        1.0,
        1.0,
        1.0,
        1.0,
        1.0,
        1.0,
        1.0,
        1.0,
        1.0,
        1.0,
        1.0,
        1.0,
        1.0,
        1.0,
        1.0
    ],
    "loss": [
        2.3524258136749268,
        1.5877829790115356,
        1.0914130210876465,
        0.8571104407310486,
        0.5767593383789062,
        0.4603939652442932,
        0.38674643635749817,
        0.28956612944602966,
        0.25266996026039124,
        0.2274547666311264,
        0.19857165217399597,
        0.12263544648885727,
        0.1474638432264328,
        0.10688466578722,
        0.06369195878505707,
        0.08998750150203705,
        0.06148294731974602,
        0.04991595819592476,
        0.038014307618141174,
        0.03392556682229042,
        0.02572314813733101,
        0.021695122122764587,
        0.020406635478138924,
        0.01461553480476141,
        0.012758789584040642,
        0.01037517935037613,
        0.008320883847773075,
        0.007109644822776318,
        0.005630122032016516,
        0.00522253941744566,
        0.003978804685175419,
        0.003621643641963601,
        0.0034732110798358917,
        0.002909042639657855,
        0.002721235156059265,
        0.00183235970325768,
        0.0019014986464753747,
        0.0014147881884127855,
        0.001421240740455687,
        0.0009478242136538029,
        0.0011336926836520433,
        0.0007685814052820206,
        0.000769898178987205,
        0.0006555002764798701,
        0.00047043198719620705,
        0.00038844349910505116,
        0.0003380739944986999,
        0.00032950445893220603,
        0.00030053930822759867,
        0.0002640879829414189,
        0.00020280026365071535,
        0.0002133181260433048,
        0.00015152190462686121,
        0.000154117529746145,
        0.00012205894745420665,
        9.489982767263427e-05,
        9.344638237962499e-05,
        8.612398960394785e-05,
        7.846633525332436e-05,
        5.1744682423304766e-05,
        4.7848167014308274e-05
    ]
}