{
    "seq_len": 10,
    "step": [
        0,
        25,
        50,
        75,
        100,
        125,
        150,
        175,
        200,
        225,
        250,
        275,
        300,
        325,
        350,
        375,
        400,
        425,
        450,
        475,
        500,
        525,
        550,
        575,
        600,
        625,
        650,
        675,
        700,
        725,
        750,
        775,
        800,
        825,
        850,
        875,
        900,
        925,
        950,
        975,
        1000,
        1025,
        1050,
        1075,
        1100,
        1125,
        1150,
        1175,
        1200,
        1225,
        1250,
        1275,
        1300,
        1325,
        1350,
        1375,
        1400,
        1425,
        1450,
        1475,
        1500
    ],
    "accuracy": [
        0.0859375,
        0.296875,
        0.4375,
        0.640625,
        0.5390625,
        0.671875,
        0.84375,
        0.6015625,
        0.7578125,
        0.8671875,
        0.6875,
        0.9609375,
        0.984375,
        0.3828125,
        0.8984375,
        0.9765625,
        0.9765625,
        0.9296875,
        0.5390625,
        1.0,
        0.984375,
        1.0,
        1.0,
        1.0,
        1.0,
        1.0,
        1.0,
        0.984375,
        1.0,
        1.0,
        1.0,
        1.0,
        1.0,
        1.0,
        1.0,
        1.0,
        1.0,
        1.0,
        1.0,
        1.0,
        1.0,
        1.0,
        1.0,
        1.0,
        1.0,
        1.0,
        0.859375,
        0.9296875,
        0.96875,
        1.0,
        1.0,
        0.9921875,
        1.0,
        1.0,
        1.0,
        1.0,
        1.0,
        1.0,
        1.0,
        1.0,
        1.0
    ],
    "loss": [
        2.3381214141845703,
        1.8109540939331055,
        1.4726258516311646,
        1.0456106662750244,
        1.0130819082260132,
        0.8577704429626465,
        0.5839195251464844,
        0.8363395929336548,
        0.5402476191520691,
        0.4146302342414856,
        0.6318027377128601,
        0.3202517628669739,
        0.2941325902938843,
        1.5085625648498535,
        0.2635721266269684,
        0.18750815093517303,
        0.17436601221561432,
        0.20757977664470673,
        1.2151525020599365,
        0.0993017926812172,
        0.12671515345573425,
        0.10151924192905426,
        0.08089390397071838,
        0.057215213775634766,
        0.0520879365503788,
        0.037208352237939835,
        0.028693312779068947,
        0.11742017418146133,
        0.07537460327148438,
        0.045047421008348465,
        0.037564296275377274,
        0.024344881996512413,
        0.02327995002269745,
        0.02182510681450367,
        0.018006782978773117,
        0.014533559791743755,
        0.012695695273578167,
        0.010320758447051048,
        0.008445058949291706,
        0.008961031213402748,
        0.007069617509841919,
        0.0060574994422495365,
        0.005830093286931515,
        0.004758190829306841,
        0.0035490505397319794,
        0.003340936964377761,
        0.44033804535865784,
        0.23706896603107452,
        0.2143559753894806,
        0.05420949310064316,
        0.04493161290884018,
        0.05917816609144211,
        0.0437471978366375,
        0.022732703015208244,
        0.017603356391191483,
        0.014218490570783615,
        0.0119789382442832,
        0.00999960582703352,
        0.008964312262833118,
        0.007196728605777025,
        0.007727333810180426
    ]
}