{
    "seq_len": 50,
    "step": [
        0,
        25,
        50,
        75,
        100,
        125,
        150,
        175,
        200,
        225,
        250,
        275,
        300,
        325,
        350,
        375,
        400,
        425,
        450,
        475,
        500,
        525,
        550,
        575,
        600,
        625,
        650,
        675,
        700,
        725,
        750,
        775,
        800,
        825,
        850,
        875,
        900,
        925,
        950,
        975,
        1000,
        1025,
        1050,
        1075,
        1100,
        1125,
        1150,
        1175,
        1200,
        1225,
        1250,
        1275,
        1300,
        1325,
        1350,
        1375,
        1400,
        1425,
        1450,
        1475,
        1500
    ],
    "accuracy": [
        0.0703125,
        0.1640625,
        0.1328125,
        0.2890625,
        0.1796875,
        0.234375,
        0.25,
        0.25,
        0.1171875,
        0.1640625,
        0.25,
        0.375,
        0.375,
        0.3828125,
        0.5546875,
        0.40625,
        0.5,
        0.390625,
        0.359375,
        0.765625,
        0.5234375,
        0.8671875,
        0.7265625,
        0.5859375,
        0.5625,
        0.859375,
        0.921875,
        0.7421875,
        0.796875,
        0.953125,
        0.84375,
        0.9375,
        0.8984375,
        0.8984375,
        0.4375,
        0.9921875,
        1.0,
        0.421875,
        1.0,
        0.546875,
        0.9765625,
        1.0,
        0.6484375,
        1.0,
        1.0,
        1.0,
        1.0,
        1.0,
        1.0,
        1.0,
        0.5859375,
        0.9296875,
        0.9765625,
        1.0,
        0.984375,
        1.0,
        0.984375,
        1.0,
        0.921875,
        1.0,
        1.0
    ],
    "loss": [
        2.363778829574585,
        2.2618234157562256,
        2.2793264389038086,
        2.0754997730255127,
        2.113403797149658,
        2.1195521354675293,
        2.118133544921875,
        2.081245183944702,
        2.376054525375366,
        2.1865227222442627,
        1.9090707302093506,
        1.6847121715545654,
        1.580940842628479,
        1.4587007761001587,
        1.2125554084777832,
        1.3492372035980225,
        1.1622329950332642,
        1.316975712776184,
        1.4233020544052124,
        0.7473686933517456,
        1.0755444765090942,
        0.5961248278617859,
        0.6372641921043396,
        0.8567554354667664,
        0.890728771686554,
        0.43481430411338806,
        0.3558043837547302,
        0.5412941575050354,
        0.45546263456344604,
        0.3235304653644562,
        0.388481467962265,
        0.22372931241989136,
        0.36412423849105835,
        0.294634073972702,
        1.926345944404602,
        0.13858142495155334,
        0.1485317051410675,
        2.1663451194763184,
        0.11186817288398743,
        1.0791914463043213,
        0.13748815655708313,
        0.06019401177763939,
        0.8413622379302979,
        0.07438598573207855,
        0.045400653034448624,
        0.03593040630221367,
        0.031877923756837845,
        0.02587597258388996,
        0.019040124490857124,
        0.015078467316925526,
        2.880474805831909,
        0.23847916722297668,
        0.22075152397155762,
        0.10087205469608307,
        0.10122417658567429,
        0.09912299364805222,
        0.06430818140506744,
        0.06336783617734909,
        0.22856464982032776,
        0.055899910628795624,
        0.02631273865699768
    ]
}