{
    "seq_len": 20,
    "step": [
        0,
        10,
        20,
        30,
        40,
        50,
        60,
        70,
        80,
        90,
        100,
        110,
        120,
        130,
        140,
        150,
        160,
        170,
        180,
        190,
        200,
        210,
        220,
        230,
        240,
        250,
        260,
        270,
        280,
        290,
        300,
        310,
        320,
        330,
        340,
        350,
        360,
        370,
        380,
        390,
        400,
        410,
        420,
        430,
        440,
        450,
        460,
        470,
        480,
        490,
        500,
        510,
        520,
        530,
        540,
        550,
        560,
        570,
        580,
        590,
        600,
        610,
        620,
        630,
        640,
        650,
        660,
        670,
        680,
        690,
        700,
        710,
        720,
        730,
        740,
        750,
        760,
        770,
        780,
        790,
        800,
        810,
        820,
        830,
        840,
        850,
        860,
        870,
        880,
        890,
        900,
        910,
        920,
        930,
        940,
        950,
        960,
        970,
        980,
        990,
        1000,
        1010,
        1020,
        1030,
        1040,
        1050,
        1060,
        1070,
        1080,
        1090,
        1100,
        1110,
        1120,
        1130,
        1140,
        1150,
        1160,
        1170,
        1180,
        1190,
        1200,
        1210,
        1220,
        1230,
        1240,
        1250,
        1260,
        1270,
        1280,
        1290,
        1300,
        1310,
        1320,
        1330,
        1340,
        1350,
        1360,
        1370,
        1380,
        1390,
        1400,
        1410,
        1420,
        1430,
        1440,
        1450,
        1460,
        1470,
        1480,
        1490,
        1500
    ],
    "accuracy": [
        0.125,
        0.203125,
        0.265625,
        0.296875,
        0.1015625,
        0.1484375,
        0.2734375,
        0.265625,
        0.1171875,
        0.21875,
        0.2265625,
        0.3046875,
        0.1328125,
        0.1796875,
        0.296875,
        0.2578125,
        0.03125,
        0.1875,
        0.2265625,
        0.3125,
        0.125,
        0.2265625,
        0.2734375,
        0.2578125,
        0.1015625,
        0.1640625,
        0.21875,
        0.3125,
        0.0546875,
        0.1953125,
        0.265625,
        0.2890625,
        0.09375,
        0.140625,
        0.1953125,
        0.2890625,
        0.078125,
        0.1953125,
        0.25,
        0.296875,
        0.1171875,
        0.2109375,
        0.2421875,
        0.296875,
        0.1015625,
        0.1875,
        0.234375,
        0.234375,
        0.1171875,
        0.1796875,
        0.3125,
        0.2265625,
        0.1015625,
        0.1875,
        0.25,
        0.296875,
        0.0546875,
        0.1640625,
        0.2734375,
        0.25,
        0.0859375,
        0.234375,
        0.2578125,
        0.296875,
        0.1015625,
        0.21875,
        0.2109375,
        0.296875,
        0.09375,
        0.1796875,
        0.1953125,
        0.25,
        0.125,
        0.1640625,
        0.2265625,
        0.28125,
        0.1875,
        0.2265625,
        0.3125,
        0.3828125,
        0.3125,
        0.359375,
        0.4765625,
        0.5703125,
        0.484375,
        0.421875,
        0.59375,
        0.5625,
        0.3984375,
        0.546875,
        0.4765625,
        0.5703125,
        0.4765625,
        0.5234375,
        0.5546875,
        0.5234375,
        0.4609375,
        0.6015625,
        0.625,
        0.5625,
        0.484375,
        0.5859375,
        0.609375,
        0.59375,
        0.5703125,
        0.5234375,
        0.546875,
        0.5546875,
        0.546875,
        0.6484375,
        0.6015625,
        0.578125,
        0.3203125,
        0.5703125,
        0.5390625,
        0.40625,
        0.46875,
        0.515625,
        0.5703125,
        0.5,
        0.5234375,
        0.578125,
        0.5625,
        0.4921875,
        0.4921875,
        0.5078125,
        0.6015625,
        0.5703125,
        0.46875,
        0.546875,
        0.5703125,
        0.5234375,
        0.546875,
        0.5546875,
        0.484375,
        0.5859375,
        0.390625,
        0.4921875,
        0.4140625,
        0.4921875,
        0.484375,
        0.484375,
        0.59375,
        0.5859375,
        0.53125,
        0.4375,
        0.5703125,
        0.5703125,
        0.5546875,
        0.59375,
        0.5859375
    ],