{
    "step": [
        500,
        1000,
        1500,
        2000,
        2500,
        3000,
        3500,
        4000,
        4500,
        5000,
        5500,
        6000,
        6500,
        7000,
        7500,
        8000,
        8500,
        9000,
        9500,
        10000,
        10500,
        11000,
        11500,
        12000,
        12500,
        13000,
        13500,
        14000,
        14500,
        15000,
        15500,
        16000,
        16500,
        17000,
        17500,
        18000,
        18500,
        19000,
        19500,
        20000,
        20500,
        21000,
        21500,
        22000,
        22500,
        23000,
        23500,
        24000,
        24500,
        25000,
        25500,
        26000,
        26500,
        27000,
        27500,
        28000,
        28500,
        29000,
        29500,
        30000,
        30500,
        31000,
        31500,
        32000,
        32500,
        33000,
        33500,
        34000,
        34500,
        35000,
        35500,
        36000,
        36500,
        37000,
        37500,
        38000,
        38500,
        39000,
        39500,
        40000
    ],
    "acc_train": [
        5701.999664306641,
        6139.400100708008,
        6840.200042724609,
        7137.000274658203,
        7269.200134277344,
        7415.800476074219,
        7889.1998291015625,
        7664.399719238281,
        7836.99951171875,
        8230.999755859375,
        7901.599884033203,
        8162.599945068359,
        8542.400360107422,
        8449.199676513672,
        8558.799743652344,
        8595.399475097656,
        8722.999572753906,
        8682.599639892578,
        8866.999816894531,
        8752.999877929688,
        8627.999877929688,
        9102.999877929688,
        9147.39990234375,
        8826.200103759766,
        8931.999969482422,
        9214.399719238281,
        9052.999877929688,
        9219.599914550781,
        9400.999450683594,
        9246.99935913086,
        9423.200225830078,
        9486.000061035156,
        9220.999145507812,
        9564.399719238281,
        9633.199310302734,
        9319.200134277344,
        8937.59994506836,
        9616.799926757812,
        9562.799835205078,
        9560.199737548828,
        9757.599639892578,
        9637.799835205078,
        9473.999786376953,
        9754.399871826172,
        9626.000213623047,
        9582.799530029297,
        9769.599914550781,
        9487.999725341797,
        9699.39956665039,
        9692.19970703125,
        9801.399993896484,
        9594.19937133789,
        9680.799865722656,
        9897.200012207031,
        9184.400177001953,
        9630.199432373047,
        9837.200164794922,
        9658.399963378906,
        9547.599792480469,
        9848.199462890625,
        9844.200134277344,
        9615.399932861328,
        9917.80014038086,
        9591.400146484375,
        9734.79995727539,
        9890.999603271484,
        9551.599884033203,
        9870.999145507812,
        9825.799560546875,
        9788.199615478516,
        9844.599914550781,
        9915.999603271484,
        9827.999114990234,
        9891.199493408203,
        9838.599395751953,
        9940.999603271484,
        9839.399719238281,
        9862.799835205078,
        9900.800323486328,
        9868.999481201172
    ],
    "acc_test": [
        5618.000030517578,
        5961.999893188477,
        6583.000183105469,
        6833.9996337890625,
        6936.000061035156,
        7029.000091552734,
        7452.9998779296875,
        7222.0001220703125,
        7361.99951171875,
        7616.999816894531,
        7392.999267578125,
        7540.999603271484,
        7806.999969482422,
        7715.000152587891,
        7797.0001220703125,
        7788.999938964844,
        7864.9993896484375,
        7833.000183105469,
        7968.999481201172,
        7777.000427246094,
        7694.000244140625,
        8014.9993896484375,
        8058.9996337890625,
        7722.0001220703125,
        7794.000244140625,
        7994.999694824219,
        7891.999816894531,
        7989.9993896484375,
        8035.999298095703,
        7881.999969482422,
        8055.999755859375,
        8008.9996337890625,
        7870.999908447266,
        8039.9993896484375,
        8093.999481201172,
        7854.999542236328,
        7670.999908447266,
        8041.999816894531,
        7995.999908447266,
        7994.999694824219,
        8131.999969482422,
        8044.999694824219,
        7852.9998779296875,
        8056.999969482422,
        7962.999725341797,
        7971.999359130859,
        8050.999450683594,
        7779.000091552734,
        7974.999237060547,
        7975.999450683594,
        8075.0,
        7967.999267578125,
        8012.999725341797,
        8137.999725341797,
        7663.999938964844,
        7927.9998779296875,
        8081.999969482422,
        7908.9996337890625,
        7862.999725341797,
        8020.999908447266,
        8104.999542236328,
        7822.999572753906,
        8150.0,
        7887.999725341797,
        7904.999542236328,
        8141.999816894531,
        7884.999847412109,
        8057.999420166016,
        8016.999816894531,
        7962.999725341797,
        8059.999847412109,
        8080.999755859375,
        8007.999420166016,
        8141.999816894531,
        8071.999359130859,
        8116.999816894531,
        8021.999359130859,
        8041.999816894531,
        8078.999328613281,
        8075.999450683594
    ]
}